{"train_loss": [0.21437022282300436, 0.1387016190179002, 0.13577712924646895, 0.10775688085264108, 0.09292512857167483, 0.08081513930869456, 0.10666111555613067, 0.08679389499154082, 0.057866352632336714, 0.04924742662133643], "train_acc": [91.629, 94.707, 94.844, 95.913, 96.449, 96.94, 96.198, 96.671, 97.864, 98.176], "val_loss": [0.16308387725378948, 0.12535162922292473, 0.1430110654082542, 0.11907332848174312, 0.1253982344166206, 0.10710717739757543, 0.15747448743675083, 0.10197885868514474, 0.09955321223186418, 0.10047206795884493], "val_acc": [93.655, 95.235, 94.81, 95.48, 95.195, 96.235, 93.91, 96.33, 96.38, 96.305]}