{"train_loss": [0.24897602880835534, 0.1662059323012829, 0.1430752239906788, 0.12517778222046794, 0.11142451975181698, 0.09836621673185378, 0.08854176629826427, 0.0787767112635076, 0.07039560044537298, 0.06619622339747847], "train_acc": [89.515, 93.583, 94.501, 95.236, 95.751, 96.235, 96.671, 97.006, 97.364, 97.476], "val_loss": [0.17935843881964683, 0.1568541264884174, 0.1476717296078801, 0.12672944176867604, 0.1400224887304008, 0.1542581619972363, 0.13923594932928682, 0.1457830604854971, 0.14611664873557165, 0.1387973378431052], "val_acc": [92.955, 93.95, 94.41, 95.19, 94.805, 94.605, 95.225, 94.925, 95.345, 95.335]}